,player,id
0,Patric Young,203942
1,Pau Gasol,2200
2,Tibor Pleiss,202353
3,Jodie Meeks,201975
4,Joakim Noah,201149
5,Derrick Williams,202682
6,Randy Foye,200751
7,Robbie Hummel,203133
8,Mike Miller,2034
9,Jorge Gutierrez,203268
10,Draymond Green,203110
11,Kyle Lowry,200768
12,Carlos Boozer,2430
13,Jannero Pargo,2457
14,Raymond Felton,101109
15,Austin Daye,201948
16,Aaron Harrison,1626151
17,Thaddeus Young,201152
18,Kostas Papanikolaou,203123
19,Kevin Love,201567
20,KJ McDaniels,203909
21,Nikola Vucevic,202696
22,Kelly Oubre,1626162
23,Aaron Brooks,201166
24,Larry Nance Jr.,1626204
25,Chauncey Billups,1497
26,George Hill,201588
27,Jordan Hamilton,202706
28,Jarell Martin,1626185
29,Isaiah Thomas,202738
30,Jeremy Evans,202379
31,Jared Sullinger,203096
32,Paul Millsap,200794
33,Avery Bradley,202340
34,Joe Johnson,2207
35,Will Barton,203115
36,Nik Stauskas,203917
37,Devin Booker,1626164
38,Jerami Grant,203924
39,James Jones,2592
40,DeMarcus Cousins,202326
41,Michael Carter-Williams,203487
42,Caron Butler,2406
43,Julius Randle,203944
44,Marc Gasol,201188
45,DJ White,201591
46,Tony Parker,2225
47,PJ Hairston,203798
48,Richaun Holmes,1626158
49,LeBron James,2544
50,Brook Lopez,201572
51,Dwight Powell,203939
52,Damian Lillard,203081
53,Zach Randolph,2216
54,Nazr Mohammed,1737
55,DeAndre Liggins,202732
56,Luke Ridnour,2557
57,Malcolm Thomas,202952
58,Enes Kanter,202683
59,Ty Lawson,201951
60,Wesley Matthews,202083
61,Ronald Roberts,204040
62,Sergey Karasev,203508
63,Henry Walker,201611
64,Elijah Millsap,202407
65,Bryce Cotton,203955
66,Mario Chalmers,201596
67,Terry Rozier,1626179
68,Jerel McNeal,202077
69,Sasha Vujacic,2756
70,Reggie Evans,2501
71,James Southerland,203480
72,Dionte Christmas,202091
73,Justise Winslow,1626159
74,Jeff Adrien,202399
75,A.J. Price,201985
76,Salah Mejri,1626257
77,Jordan McRae,203895
78,Khris Middleton,203114
79,Jabari Brown,203913
80,Daniel Orton,202350
81,Casper Ware,203810
82,TJ Warren,203933
83,Al-Farouq Aminu,202329
84,Al Horford,201143
85,Reggie Williams,202130
86,Adonis Thomas,203519
87,Kyle O'Quinn,203124
88,Festus Ezeli,203105
89,James Johnson,201949
90,Duje Dukan,1626251
91,Amir Johnson,101161
92,Jonathon Simmons,203613
93,Luis Montero,1626242
94,Greg Oden,201141
95,Hasheem Thabeet,201934
96,Dorell Wright,2748
97,Jeff Withey,203481
98,Chris Kaman,2549
99,Walter Tavares,204002
100,Joe Young,1626202
101,Ersan Ilyasova,101141
102,O.J. Mayo,201564
103,Donatas Motiejunas,202700
104,Jason Smith,201160
105,Brandon Rush,201575
106,Manu Ginobili,1938
107,Josh Powell,2694
108,Antawn Jamison,1712
109,Kevin Garnett,708
110,Leandro Barbosa,2571
111,Courtney Lee,201584
112,Jarvis Varnado,202363
113,Cliff Alexander,1626146
114,Luol Deng,2736
115,Toure Murry,203315
116,Jordan Hill,201941
117,Sam Dekker,1626155
118,Eric Bledsoe,202339
119,Zaza Pachulia,2585
120,Josh Smith,2746
121,Lucas Nogueira,203512
122,David Stockton,204065
123,Jamal Crawford,2037
124,Joe Ingles,204060
125,Anthony Bennett,203461
126,Tarik Black,204028
127,Tyler Johnson,204020
128,Frank Kaminsky,1626163
129,Noah Vonleh,203943
130,Tony Wroten,203100
131,JJ Hickson,201581
132,Quincy Miller,203296
133,Kobe Bryant,977
134,Tony Mitchell,203502
135,Jon Leuer,202720
136,Kentavious Caldwell-Pope,203484
137,Earl Clark,201947
138,Maurice Harkless,203090
139,Cameron Bairstow,203946
140,DeAndre Jordan,201599
141,Jermaine O'Neal,979
142,Jordan Clarkson,203903
143,Goran Dragic,201609
144,Danilo Gallinari,201568
145,Boban Marjanovic,1626246
146,Stephen Curry,201939
147,Bernard James,203108
148,Kevin Martin,2755
149,Chris Copeland,203142
150,Miles Plumlee,203101
151,Erick Green,203475
152,Kevon Looney,1626172
153,Josh Richardson,1626196
154,Tim Hardaway Jr.,203501
155,Jason Richardson,2202
156,Wesley Johnson,202325
157,Kelly Olynyk,203482
158,Steven Adams,203500
159,Manny Harris,202412
160,Vander Blue,203505
161,David West,2561
162,Viacheslav Kravtsov,203139
163,Metta World Peace,1897
164,John Lucas III,101249
165,Pablo Prigioni,203143
166,Marquis Teague,203104
167,Rajon Rondo,200765
168,Tyus Jones,1626145
169,James Young,203923
170,Cleanthony Early,203921
171,Kyle Singler,202713
172,Gary Neal,202390
173,LaMarcus Aldridge,200746
174,Rodney Stuckey,201155
175,Troy Daniels,203584
176,Beno Udrih,2757
177,Omri Casspi,201956
178,Nene,2403
179,Elias Harris,203548
180,Chris Paul,101108
181,Marcus Smart,203935
182,Kalin Lucas,203564
183,Charlie Villanueva,101111
184,Kemba Walker,202689
185,John Jenkins,203098
186,Trevor Booker,202344
187,Tyreke Evans,201936
188,Hamady Ndiaye,202380
189,Charles Hayes,101236
190,Reggie Bullock,203493
191,Roger Mason Jr.,2427
192,Mike Conley,201144
193,Shane Battier,2203
194,James Nunnally,203263
195,Keith Appling,203951
196,Marcus Thornton,201977
197,Zoran Dragic,204054
198,Alan Anderson,101187
199,Michael Kidd-Gilchrist,203077
200,Jeff Teague,201952
201,Jamaal Franklin,203479
202,Samuel Dalembert,2223
203,Kirk Hinrich,2550
204,Evan Turner,202323
205,Shavlik Randolph,101183
206,Trevor Ariza,2772
207,Cameron Payne,1626166
208,Cory Joseph,202709
209,Monta Ellis,101145
210,Jamaal Tinsley,2224
211,Lavoy Allen,202730
212,Zach LaVine,203897
213,Mike Scott,203118
214,Darius Johnson-Odom,203130
215,Shelvin Mack,202714
216,Jeff Green,201145
217,Donald Sloan,202388
218,Gorgui Dieng,203476
219,Roy Hibbert,201579
220,Russ Smith,203893
221,Peyton Siva,203491
222,Meyers Leonard,203086
223,Jordan Adams,203919
224,TJ McConnell,204456
225,Tony Allen,2754
226,Will Cherry,203805
227,Dwight Buycks,202779
228,Sim Bhullar,204021
229,James Harden,201935
230,Kevin Durant,201142
231,David Wear,204033
232,Sebastian Telfair,2742
233,Devyn Marble,203906
234,Chris Johnson,203187
235,JaVale McGee,201580
236,DJ Stephens,203474
237,J.R. Smith,2747
238,Shannon Brown,200769
239,D'Angelo Russell,1626156
240,Austin Rivers,203085
241,Melvin Ely,2408
242,Corey Brewer,201147
243,Mirza Teletovic,203141
244,Kyrie Irving,202681
245,Darrell Arthur,201589
246,Darrun Hilliard,1626199
247,Joe Harris,203925
248,Rakeem Christmas,1626176
249,Jason Terry,1891
250,Darius Morris,202721
251,Thomas Robinson,203080
252,Rudy Gobert,203497
253,David Lee,101135
254,Jordan Farmar,200770
255,CJ Wilcox,203912
256,Nate Wolters,203489
257,Kenneth Faried,202702
258,Earl Barron,2853
259,Shaun Livingston,2733
260,Branden Dawson,1626183
261,Vince Carter,1713
262,Bradley Beal,203078
263,Scotty Hopson,203816
264,Jose Calderon,101181
265,Lester Hudson,201991
266,Jared Cunningham,203099
267,Andrew Wiggins,203952
268,Sonny Weems,201603
269,Doron Lamb,203117
270,Jabari Parker,203953
271,CJ McCollum,203468
272,Tyler Ennis,203898
273,Rasual Butler,2446
274,Chris Singleton,202698
275,Dewayne Dedmon,203473
276,Nick Young,201156
277,Nikola Pekovic,201593
278,Diante Garrett,203197
279,Adreian Payne,203940
280,PJ Tucker,200782
281,Chris McCullough,1626191
282,Kosta Koufos,201585
283,Othyus Jeffers,201785
284,Toney Douglas,201962
285,Cole Aldrich,202332
286,Shayne Whittington,203963
287,Damien Inglis,203996
288,Nick Calathes,201979
289,Anderson Varejao,2760
290,Norris Cole,202708
291,Tyler Hansbrough,201946
292,Mike Muscala,203488
293,Patrick Christopher,203565
294,Malcolm Lee,202723
295,Travis Wear,204037
296,Norman Powell,1626181
297,Marvin Williams,101107
298,Julyan Stone,202933
299,Jeff Ayres,201965
300,Chris Babb,203569
301,Raul Neto,203526
302,Jameer Nelson,2749
303,Willie Green,2584
304,Bismack Biyombo,202687
305,Jarnell Stokes,203950
306,Deron Williams,101114
307,Willie Cauley-Stein,1626161
308,Ben McLemore,203463
309,Mo Williams,2590
310,Steve Blake,2581
311,Robert Covington,203496
312,Patrick Beverley,201976
313,Udonis Haslem,2617
314,Glen Rice Jr.,203318
315,Vitor Faverani,203543
316,Byron Mullens,201957
317,Karl-Anthony Towns,1626157
318,Martell Webster,101110
319,Anthony Tolliver,201229
320,Kendall Marshall,203088
321,John Salmons,2422
322,Archie Goodwin,203462
323,Larry Drew,203580
324,Taj Gibson,201959
325,Anthony Davis,203076
326,Greg Stiemsma,201880
327,Josh Huestis,203962
328,Doug McDermott,203926
329,CJ Miles,101139
330,Mike James,2229
331,Lorenzo Brown,203485
332,Tornike Shengelia,203129
333,Kevin Seraphin,202338
334,Jason Collins,2215
335,John Wall,202322
336,Solomon Hill,203524
337,Robin Lopez,201577
338,Joel Anthony,201202
339,Tim Frazier,204025
340,Ish Smith,202397
341,Kwame Brown,2198
342,Steve Nash,959
343,Louis Williams,101150
344,Willie Reed,203186
345,Lance Stephenson,202362
346,Alexey Shved,203144
347,Alex Kirk,203945
348,E'Twaun Moore,202734
349,Solomon Jones,200780
350,Al Harrington,1733
351,Lance Thomas,202498
352,Brandon Knight,202688
353,Carmelo Anthony,2546
354,Perry Jones,203103
355,Hollis Thompson,203138
356,Gerald Wallace,2222
357,Jae Crowder,203109
358,Spencer Hawes,201150
359,Elfrid Payton,203901
360,Arnett Moultrie,203102
361,Jeremy Lamb,203087
362,Tiago Splitter,201168
363,Orlando Johnson,203111
364,Thabo Sefolosha,200757
365,Kyle Korver,2594
366,Brandon Bass,101138
367,Nick Collison,2555
368,Eric Maynor,201953
369,Wilson Chandler,201163
370,Derek Fisher,965
371,Cory Jefferson,203928
372,Kris Humphries,2743
373,Josh McRoberts,201177
374,JaMychal Green,203254
375,Timofey Mozgov,202389
376,Jusuf Nurkic,203994
377,Justin Holiday,203200
378,Jerrelle Benimon,203968
379,Garrett Temple,202066
380,Ekpe Udoh,202327
381,Luke Babbitt,202337
382,Andre Dawkins,203958
383,Gigi Datome,203540
384,Brandon Davies,203561
385,Ricky Ledo,203495
386,Tyrus Thomas,200748
387,Hassan Whiteside,202355
388,Larry Sanders,202336
389,Anthony Morrow,201627
390,Greivis Vasquez,202349
391,Amar'e Stoudemire,2405
392,Damion James,202345
393,Greg Smith,202962
394,Ricky Rubio,201937
395,Bobby Portis,1626171
396,Rudy Gay,200752
397,Ramon Sessions,201196
398,Jeff Taylor,203106
399,Carrick Felix,203467
400,Josh Childress,2735
401,Ognjen Kuzmic,203136
402,Pero Antic,203544
403,Boris Diaw,2564
404,Quincy Acy,203112
405,Brandon Jennings,201943
406,Royce White,203091
407,Drew Gooden,2400
408,Shane Edwards,202197
409,Dwyane Wade,2548
410,Jordan Mickey,1626175
411,Joey Dorsey,201595
412,Klay Thompson,202691
413,Rondae Hollis-Jefferson,1626178
414,Will Bynum,101198
415,Patrick Patterson,202335
416,Isaiah Canaan,203477
417,Gordon Hayward,202330
418,Marco Belinelli,201158
419,Quincy Pondexter,202347
420,Shawn Marion,1890
421,Rodney Hood,203918
422,DeMarre Carroll,201960
423,Mike Dunleavy,2399
424,Jimmer Fredette,202690
425,Chris Bosh,2547
426,Hedo Turkoglu,2045
427,Jonas Valanciunas,202685
428,Kyle Anderson,203937
429,Pat Connaughton,1626192
430,Xavier Henry,202333
431,Rashard Lewis,1740
432,Langston Galloway,204038
433,Anthony Brown,1626148
434,Travis Outlaw,2566
435,Matthew Dellavedova,203521
436,Ian Clark,203546
437,Nemanja Nedovic,203517
438,Jason Maxiell,101131
439,Bruno Caboclo,203998
440,Hilton Armstrong,200756
441,Seth Curry,203552
442,James Michael McAdoo,203949
443,Blake Griffin,201933
444,Brandan Wright,201148
445,Johnny O'Bryant,203948
446,Bojan Bogdanovic,202711
447,Steve Novak,200779
448,Omer Asik,201600
449,Dante Exum,203957
450,Ronnie Brewer,200758
451,Jerian Grant,1626170
452,Aaron Gray,201189
453,Jahlil Okafor,1626143
454,Henry Sims,203156
455,Ray Allen,951
456,Dante Cunningham,201967
457,Tristan Thompson,202684
458,Nando De Colo,201986
459,James Ennis,203516
460,Ronny Turiaf,101142
461,Marcelo Huertas,1626273
462,Dexter Pittman,665382
463,Jerome Jordan,202366
464,Michael Beasley,201563
465,Michael Harris,200839
466,Victor Claver,201964
467,Marreese Speights,201578
468,Maalik Wayns,203146
469,Damjan Rudez,204014
470,Chase Budinger,201978
471,CJ Watson,201228
472,Tobias Harris,202699
473,Danny Granger,101122
474,Cristiano Felicio,1626245
475,Eric Gordon,201569
476,Jeremy Tyler,202719
477,Matt Bonner,2588
478,Ian Mahinmi,101133
479,Allen Crabbe,203459
480,Clint Capela,203991
481,Danny Green,201980
482,Aaron Gordon,203932
483,Furkan Aldemir,203128
484,Mustafa Shakur,201203
485,Russell Westbrook,201566
486,Trey Lyles,1626168
487,Dirk Nowitzki,1717
488,Luc Mbah a Moute,201601
489,DeMar DeRozan,201942
490,Glen Davis,201175
491,Josh Harrellson,202725
492,Drew Gordon,204079
493,Tim Duncan,1495
494,Wayne Ellington,201961
495,Shabazz Napier,203894
496,Mason Plumlee,203486
497,Matt Barnes,2440
498,Earl Watson,2248
499,Justin Hamilton,203120
500,Dahntay Jones,2563
501,Elliot Williams,202343
502,Lamar Patterson,203934
503,Gustavo Ayon,202970
504,Landry Fields,202361
505,Tyshawn Taylor,203116
506,Joel Freeland,200777
507,Iman Shumpert,202697
508,Andrew Nicholson,203094
509,JJ Redick,200755
510,Harrison Barnes,203084
511,RJ Hunter,1626154
512,Ryan Anderson,201583
513,Dennis Schroder,203471
514,Ray McCallum,203492
515,Cartier Martin,201858
516,Joffrey Lauvergne,203530
517,Serge Ibaka,201586
518,Sean Kilpatrick,203930
519,Tyson Chandler,2199
520,Jerryd Bayless,201573
521,Richard Jefferson,2210
522,Arinze Onuaku,202620
523,Reggie Jackson,202704
524,Ryan Kelly,203527
525,Nate Robinson,101126
526,Spencer Dinwiddie,203915
527,Carl Landry,201171
528,Nick Johnson,203910
529,Jason Thompson,201574
530,Tony Snell,203503
531,Dion Waiters,203079
532,Andris Biedrins,2740
533,Andre Miller,1889
534,Royal Ivey,2767
535,Keith Bogans,2586
536,Kent Bazemore,203145
537,Darius Miller,203121
538,Nemanja Bjelica,202357
539,Tayshaun Prince,2419
540,DeJuan Blair,201971
541,Tyler Zeller,203092
542,Terrence Ross,203082
543,Thanasis Antetokounmpo,203648
544,Eric Moreland,203961
545,Gerald Henderson,201945
546,Francisco Garcia,101128
547,Andre Drummond,203083
548,Nicolas Batum,201587
549,Andrea Bargnani,200745
550,Glenn Robinson,203922
551,James Anderson,202341
552,Phil Pressey,203515
553,Arron Afflalo,201167
554,Andray Blatche,101154
555,Cody Zeller,203469
556,Marcus Morris,202694
557,Derrick Rose,201565
558,Myles Turner,1626167
559,Brendan Haywood,2217
560,Stephen Jackson,1536
561,Ronnie Price,101179
562,Luis Scola,2449
563,Brian Roberts,203148
564,Marcin Gortat,101162
565,Kawhi Leonard,202695
566,MarShon Brooks,202705
567,Anthony Randolph,201576
568,Kenyon Martin,2030
569,Al Jefferson,2744
570,Channing Frye,101112
571,Devin Harris,2734
572,Shane Larkin,203499
573,Ben Gordon,2732
574,Otto Porter,203490
575,Darren Collison,201954
576,Justin Anderson,1626147
577,Alec Burks,202692
578,JaKarr Sampson,203960
579,Nerlens Noel,203457
580,Ryan Gomes,101155
581,Giannis Antetokounmpo,203507
582,Chris Smith,203147
583,Andre Iguodala,2738
584,Stanley Johnson,1626169
585,Alonzo Gee,202087
586,Gary Harris,203914
587,Elton Brand,1882
588,Evan Fournier,203095
589,Trey Burke,203504
590,Mario Hezonja,1626209
591,Jared Dudley,201162
592,John Henson,203089
593,Jan Vesely,202686
594,Chris Wright,202874
595,Andre Roberson,203460
596,Grant Jerrett,203511
597,Jonas Jerebko,201973
598,Aron Baynes,203382
599,Jarrett Jack,101127
600,J.J. O'Brien,1626266
601,Markieff Morris,202693
602,Alex Len,203458
603,Jack Cooley,204022
604,Ryan Hollins,200797
605,Dwight Howard,2730
606,Paul Pierce,1718
607,Robert Sacre,203135
608,Gal Mekel,203539
609,Patty Mills,201988
610,Greg Monroe,202328
611,Emmanuel Mudiay,1626144
612,Shabazz Muhammad,203498
613,Kristaps Porzingis,204001
614,Chandler Parsons,202718
615,Chris Andersen,2365
616,Mitch McGary,203956
617,Sasha Kaun,201619
618,Jose Juan Barea,200826
619,Ed Davis,202334
620,Gerald Green,101123
621,Nikola Mirotic,202703
622,Chris Douglas-Roberts,201604
623,Shawne Williams,200761
624,Jordan Crawford,202348
625,Victor Oladipo,203506
626,Nikola Jokic,203999
627,Delon Wright,1626153
628,D.J. Augustin,201571
629,Jimmy Butler,202710
630,Jarell Eddie,204067
631,Andrew Bogut,101106
632,Derrick Favors,202324
633,Kendrick Perkins,2570
634,Jrue Holiday,201950
635,Terrence Jones,203093
636,Bryce Dejean-Jones,1626214
637,Jeremy Lin,202391
638,Andrew Bynum,101115
639,Markel Brown,203900
640,Alexis Ajinca,201582
641,Rashad Vaughn,1626173
642,Andrei Kirilenko,1905
643,Montrezl Harrell,1626149
644,Paul George,202331
645,Lou Amundson,200811
646,Christian Wood,1626174
647,Erik Murphy,203513
648,Miroslav Raduljica,203545
